2;t;0;1;4;f
3;t;0;2;5;f
4;t;0;4;5;f
5;t;0;5;5;f
6;t;0;7;5;f
7;t;0;8;5;f
8;t;0;10;5;f
9;t;0;9;5;f
10;t;0;6;5;f
11;t;0;3;5;f
12;t;0;11;6;f
13;t;0;12;6;f
14;t;0;13;6;f
15;t;0;15;9;f
16;t;0;14;9;f
17;t;0;15;10;f
18;t;0;16;10;f
20;t;0;17;11;f
21;t;0;18;11;f
22;t;0;19;12;f
23;t;0;20;12;f
24;t;0;21;14;f
25;t;0;22;14;f
26;t;0;23;14;f
27;t;0;18;15;f
34;t;0;31;21;f
35;t;0;30;21;f
36;t;0;25;21;f
37;t;0;28;21;f
38;t;0;24;21;f
39;t;0;27;21;f
40;t;0;26;21;f
41;t;0;29;21;f
42;t;0;33;24;f
43;t;0;34;24;f
44;t;0;32;24;f
45;t;0;49;18;f
46;t;0;37;18;f
47;t;0;44;18;f
48;t;0;42;18;f
49;t;0;46;18;f
50;t;0;38;18;f
51;t;0;41;18;f
52;t;0;39;18;f
53;t;0;47;18;f
54;t;0;40;18;f
55;t;0;45;18;f
56;t;0;48;18;f
57;t;0;43;18;f
58;t;0;36;18;f
59;t;0;50;19;f
60;t;0;51;19;f
61;t;0;52;26;f
63;t;0;52;28;f
64;t;0;53;29;f
65;t;0;54;29;f
66;t;0;55;30;f
67;t;0;56;31;f
68;t;0;57;31;f
69;t;0;58;32;f
70;t;0;59;32;f
71;t;0;60;33;f
72;t;0;61;33;f
73;t;0;60;34;f
74;t;0;61;34;f
75;t;0;17;35;f
76;t;0;62;35;f
77;t;0;17;36;f
78;t;0;63;36;f
81;t;0;66;39;f
82;t;0;67;40;f
83;t;0;68;40;f
84;t;0;69;41;f
85;t;0;70;41;f
86;t;0;73;42;f
87;t;0;72;42;f
88;t;0;71;42;f
89;t;0;74;43;f
90;t;0;75;43;f
91;t;0;76;43;f
92;t;0;77;45;f
93;t;0;64;20;f
94;t;0;65;20;f
95;t;0;78;47;f
96;t;0;79;48;f
97;t;0;82;48;f
98;t;0;79;53;f
99;t;0;82;53;f
100;t;0;83;57;f
101;t;0;84;57;f
103;t;0;85;59;f
104;t;0;86;59;f
105;t;0;87;60;f
106;t;0;88;61;f
107;t;0;89;62;f
108;t;0;90;62;f
109;t;0;91;63;f
110;t;0;92;63;f
111;t;0;93;65;f
112;t;0;94;69;f
113;t;0;95;69;f
114;t;0;96;70;f
115;t;0;97;70;f
116;t;0;98;70;f
119;t;0;100;72;f
120;t;0;99;72;f
121;t;0;85;73;f
122;t;0;103;77;f
123;t;0;104;78;f
124;t;0;105;78;f
125;t;0;106;78;f
126;t;0;107;78;f
128;t;0;102;76;f
129;t;0;113;80;f
130;t;0;114;80;f
131;t;0;110;80;f
132;t;0;115;80;f
133;t;0;116;80;f
134;t;0;112;80;f
135;t;0;109;80;f
136;t;0;111;80;f
137;t;0;117;81;f
138;t;0;119;81;f
139;t;0;118;82;f
140;t;0;119;82;f
141;t;0;123;83;f
142;t;0;122;83;f
143;t;0;121;83;f
144;t;0;120;83;f
146;t;0;125;85;f
147;t;0;126;84;f
148;t;0;127;84;f
149;t;0;128;86;f
150;t;0;129;86;f
151;t;0;130;87;f
152;t;0;131;87;f
153;t;0;132;88;f
154;t;0;133;88;f
155;t;0;102;89;f
156;t;0;134;90;f
157;t;0;135;90;f
159;t;0;136;89;f
160;t;0;137;92;f
161;t;0;138;92;f
162;t;0;139;95;f
163;t;0;140;95;f
164;t;0;141;96;f
165;t;0;142;96;f
166;t;0;144;97;f
167;t;0;143;97;f
168;t;0;148;98;f
169;t;0;145;98;f
170;t;0;152;98;f
171;t;0;147;98;f
172;t;0;151;98;f
173;t;0;153;98;f
174;t;0;150;98;f
175;t;0;149;98;f
176;t;0;146;98;f
177;t;0;156;99;f
178;t;0;158;99;f
179;t;0;157;99;f
180;t;0;159;99;f
181;t;0;160;101;f
182;t;0;164;102;f
183;t;0;162;102;f
184;t;0;161;102;f
185;t;0;162;103;f
186;t;0;161;103;f
187;t;0;163;103;f
188;t;0;163;104;f
189;t;0;165;105;f
190;t;0;166;106;f
191;t;0;169;107;f
192;t;0;167;106;f
193;t;0;166;109;f
194;t;0;167;109;f
195;t;0;166;111;f
196;t;0;167;111;f
197;t;0;58;112;f
198;t;0;168;112;f
199;t;0;58;113;f
200;t;0;168;113;f
201;t;0;17;114;f
202;t;0;170;114;f
203;t;0;17;115;f
204;t;0;171;115;f
205;t;0;173;116;f
206;t;0;172;116;f
207;t;0;174;117;f
208;t;0;175;117;f
209;t;0;176;120;f
210;t;0;177;121;f
211;t;0;178;121;f
212;t;0;179;121;f
213;t;0;180;122;f
214;t;0;181;122;f
215;t;0;182;123;f
216;t;0;183;123;f
217;t;0;184;125;f
218;t;0;185;125;f
219;t;0;186;126;f
220;t;0;187;126;f
221;t;0;17;128;f
222;t;0;188;128;f
223;t;0;17;129;f
224;t;0;188;129;f
225;t;0;190;130;f
226;t;0;191;130;f
227;t;0;17;131;f
228;t;0;189;131;f
229;t;0;17;132;f
230;t;0;189;132;f
231;t;0;193;133;f
232;t;0;192;133;f
233;t;0;17;134;f
234;t;0;194;134;f
235;t;0;17;137;f
236;t;0;194;137;f
237;t;0;195;138;f
238;t;0;196;138;f
239;t;0;197;138;f
240;t;0;198;139;f
241;t;0;199;139;f
242;t;0;200;139;f
243;t;0;201;140;f
244;t;0;202;144;f
245;t;0;203;144;f
246;t;0;205;145;f
247;t;0;204;145;f
248;t;0;206;150;f
249;t;0;207;150;f
250;t;0;208;152;f
251;t;0;209;152;f
252;t;0;210;152;f
253;t;0;212;153;f
254;t;0;211;153;f
255;t;0;213;154;f
256;t;0;214;154;f
257;t;0;215;154;f
258;t;0;216;154;f
259;t;0;217;155;f
260;t;0;218;155;f
261;t;0;17;156;f
262;t;0;219;156;f
263;t;0;217;157;f
264;t;0;218;157;f
265;t;0;221;161;f
266;t;0;220;161;f
267;t;0;230;162;f
268;t;0;225;162;f
269;t;0;229;162;f
270;t;0;222;162;f
271;t;0;226;162;f
272;t;0;224;162;f
273;t;0;227;162;f
274;t;0;223;162;f
275;t;0;228;162;f
276;t;0;231;163;f
277;t;0;232;163;f
278;t;0;234;163;f
279;t;0;236;164;f
280;t;0;233;164;f
281;t;0;235;164;f
282;t;0;237;165;f
283;t;0;238;165;f
284;t;0;239;166;f
285;t;0;240;166;f
286;t;0;241;167;f
287;t;0;248;168;f
288;t;0;250;170;f
289;t;0;249;170;f
290;t;0;17;172;f
291;t;0;170;172;f
292;t;0;251;173;f
293;t;0;253;173;f
294;t;0;252;173;f
295;t;0;255;174;f
296;t;0;254;174;f
297;t;0;256;175;f
298;t;0;259;179;f
299;t;0;260;179;f
301;t;0;261;181;f
302;t;0;262;181;f
303;t;0;263;183;f
304;t;0;264;183;f
307;t;0;264;187;f
308;t;0;265;187;f
309;t;0;267;186;f
310;t;0;267;191;f
311;t;0;268;192;f
312;t;0;269;192;f
313;t;0;270;192;f
314;t;0;271;193;f
315;t;0;272;193;f
316;t;0;273;193;f
317;t;0;274;193;f
318;t;0;275;193;f
319;t;0;276;197;f
320;t;0;277;197;f
321;t;0;278;197;f
322;t;0;279;194;f
323;t;0;280;194;f
324;t;0;279;196;f
325;t;0;280;196;f
326;t;0;281;198;f
327;t;0;282;198;f
328;t;0;283;198;f
329;t;0;284;199;f
330;t;0;285;200;f
331;t;0;286;200;f
332;t;0;288;202;f
333;t;0;287;202;f
334;t;0;289;202;f
335;t;0;291;203;f
336;t;0;290;203;f
338;t;0;292;204;f
339;t;0;293;204;f
340;t;0;294;204;f
341;t;0;295;205;f
342;t;0;296;205;f
343;t;0;293;205;f
344;t;0;292;205;f
345;t;0;297;206;f
346;t;0;304;207;f
347;t;0;299;207;f
348;t;0;307;208;f
349;t;0;308;208;f
350;t;0;303;207;f
351;t;0;298;207;f
352;t;0;302;207;f
353;t;0;300;207;f
354;t;0;301;207;f
355;t;0;305;207;f
356;t;0;306;207;f
357;t;0;310;209;f
358;t;0;309;209;f
359;t;0;311;210;f
360;t;0;312;210;f
361;t;0;313;211;f
362;t;0;314;211;f
363;t;0;315;212;f
364;t;0;316;213;f
365;t;0;317;213;f
366;t;0;318;214;f
367;t;0;319;214;f
368;t;0;284;215;f
369;t;0;320;216;f
370;t;0;321;216;f
371;t;0;315;217;f
372;t;0;322;223;f
373;t;0;323;223;f
379;t;0;326;224;f
380;t;0;325;224;f
381;t;0;324;224;f
382;t;0;327;226;f
386;t;0;329;227;f
387;t;0;328;227;f
390;t;0;330;228;f
391;t;0;332;228;f
392;t;0;331;228;f
393;t;0;333;229;f
395;t;0;334;230;f
396;t;0;17;230;f
397;t;0;335;231;f
398;t;0;17;231;f
401;t;0;337;232;f
402;t;0;336;232;f
404;t;0;339;233;f
405;t;0;338;233;f
407;t;0;341;236;f
408;t;0;340;236;f
409;t;0;342;237;f
411;t;0;343;238;f
412;t;0;344;238;f
413;t;0;345;238;f
414;t;0;347;239;f
415;t;0;346;239;f
417;t;0;323;240;f
418;t;0;348;240;f
419;t;0;17;241;f
420;t;0;351;241;f
421;t;0;352;241;f
422;t;0;349;241;f
423;t;0;350;241;f
425;t;0;354;247;f
426;t;0;353;247;f
428;t;0;356;248;f
429;t;0;355;248;f
432;t;0;366;249;f
433;t;0;357;249;f
434;t;0;363;249;f
435;t;0;362;249;f
436;t;0;359;249;f
437;t;0;367;249;f
438;t;0;364;249;f
439;t;0;360;249;f
440;t;0;361;249;f
441;t;0;358;249;f
442;t;0;365;249;f
443;t;0;368;250;f
444;t;0;369;251;f
445;t;0;370;251;f
446;t;0;374;252;f
447;t;0;373;252;f
448;t;0;372;252;f
449;t;0;371;252;f
452;t;0;378;255;f
453;t;0;377;255;f
454;t;0;379;255;f
455;t;0;376;255;f
456;t;0;375;255;f
457;t;0;386;259;f
458;t;0;388;259;f
459;t;0;383;259;f
460;t;0;381;259;f
461;t;0;380;259;f
462;t;0;382;259;f
463;t;0;385;259;f
464;t;0;384;259;f
465;t;0;387;259;f
467;t;0;389;260;f
468;t;0;390;260;f
469;t;0;391;261;f
470;t;0;393;262;f
471;t;0;392;262;f
472;t;0;395;263;f
473;t;0;394;263;f
474;t;0;396;264;f
475;t;0;398;267;f
476;t;0;397;267;f
477;t;0;400;268;f
478;t;0;401;268;f
479;t;0;399;268;f
480;t;0;402;269;f
481;t;0;403;269;f
482;t;0;404;270;f
483;t;0;405;270;f
484;t;0;408;271;f
485;t;0;410;271;f
486;t;0;411;271;f
487;t;0;407;271;f
488;t;0;413;271;f
489;t;0;412;271;f
490;t;0;406;271;f
491;t;0;409;271;f
492;t;0;414;273;f
493;t;0;415;273;f
494;t;0;416;273;f
495;t;0;417;274;f
496;t;0;418;274;f
497;t;0;378;274;f
498;t;0;417;275;f
499;t;0;418;275;f
500;t;0;378;275;f
501;t;0;419;276;f
502;t;0;420;276;f
503;t;0;421;276;f
504;t;0;423;279;f
505;t;0;422;279;f
506;t;0;428;280;f
507;t;0;429;280;f
508;t;0;430;280;f
509;t;0;433;280;f
510;t;0;431;280;f
511;t;0;432;280;f
512;t;0;434;284;f
513;t;0;435;284;f
514;t;0;436;285;f
515;t;0;437;285;f
517;t;0;438;286;f
518;t;0;436;286;f
519;t;0;439;287;f
520;t;0;436;287;f
522;t;0;441;288;f
523;t;0;440;288;f
525;t;0;424;289;f
526;t;0;17;289;f
527;t;0;424;290;f
528;t;0;17;290;f
531;t;0;444;291;f
532;t;0;443;291;f
533;t;0;442;291;f
534;t;0;445;292;f
535;t;0;446;295;f
536;t;0;447;296;f
537;t;0;448;296;f
538;t;0;451;297;f
539;t;0;450;297;f
540;t;0;449;297;f
542;t;0;454;298;f
543;t;0;453;298;f
554;t;0;456;299;f
555;t;0;457;299;f
556;t;0;458;299;f
557;t;0;452;299;f
558;t;0;461;299;f
559;t;0;455;299;f
560;t;0;459;299;f
561;t;0;460;299;f
563;t;0;463;300;f
564;t;0;462;300;f
565;t;0;464;301;f
567;t;0;465;302;f
568;t;0;436;302;f
569;t;0;466;303;f
570;t;0;468;305;f
571;t;0;467;305;f
572;t;0;469;306;f
573;t;0;470;306;f
574;t;0;468;306;f
575;t;0;467;306;f
576;t;0;471;307;f
577;t;0;472;307;f
579;t;0;474;309;f
580;t;0;473;309;f
581;t;0;477;313;f
582;t;0;476;313;f
583;t;0;475;313;f
584;t;0;478;314;f
585;t;0;436;314;f
586;t;0;480;315;f
587;t;0;479;315;f
588;t;0;472;316;f
589;t;0;471;316;f
590;t;0;481;317;f
591;t;0;482;317;f
593;t;0;483;319;f
594;t;0;485;320;f
595;t;0;484;320;f
599;t;0;492;321;f
600;t;0;493;321;f
601;t;0;488;321;f
602;t;0;489;321;f
603;t;0;486;321;f
604;t;0;487;321;f
605;t;0;491;321;f
606;t;0;490;321;f
607;t;0;494;323;f
608;t;0;495;323;f
609;t;0;496;325;f
621;t;0;498;326;f
622;t;0;497;326;f
625;t;0;9;2;f
626;t;0;4;2;f
627;t;0;51;2;f
628;t;0;495;327;f
629;t;0;494;327;f
630;t;0;499;328;f
631;t;0;500;328;f
632;t;0;501;329;f
633;t;0;503;329;f
634;t;0;502;329;f
635;t;0;504;330;f
636;t;0;220;330;f
637;t;0;221;330;f
640;t;0;505;331;f
641;t;0;506;331;f
642;t;0;131;332;f
643;t;0;507;332;f
644;t;0;508;333;f
645;t;0;509;333;f
646;t;0;510;334;f
647;t;0;511;334;f
650;t;0;514;335;f
651;t;0;513;335;f
654;t;0;512;336;f
655;t;0;516;336;f
656;t;0;515;336;f
657;t;0;517;337;f
658;t;0;516;337;f
659;t;0;515;337;f
660;t;0;519;338;f
661;t;0;520;338;f
662;t;0;521;338;f
663;t;0;523;339;f
664;t;0;522;339;f
665;t;0;524;340;f
666;t;0;525;340;f
667;t;0;89;341;f
668;t;0;526;341;f
669;t;0;527;342;f
670;t;0;528;342;f
672;t;0;529;343;f
673;t;0;442;343;f
674;t;0;530;344;f
675;t;0;531;344;f
676;t;0;532;345;f
677;t;0;540;346;f
678;t;0;533;346;f
679;t;0;536;346;f
680;t;0;542;346;f
681;t;0;538;346;f
682;t;0;537;346;f
683;t;0;539;346;f
684;t;0;534;346;f
685;t;0;535;346;f
686;t;0;541;346;f
721;t;0;547;347;f
722;t;0;549;347;f
723;t;0;551;347;f
724;t;0;545;347;f
725;t;0;546;347;f
726;t;0;548;347;f
727;t;0;543;347;f
728;t;0;550;347;f
729;f;0;544;347;f
730;t;0;552;348;f
731;t;0;553;348;f
732;t;0;554;349;f
733;t;0;556;350;f
734;t;0;557;350;f
735;t;0;555;350;f
736;t;0;559;351;f
737;t;0;558;351;f
738;t;0;560;351;f
739;t;0;58;352;f
740;t;0;168;352;f
741;t;0;166;353;f
742;t;0;167;353;f
743;t;0;561;354;f
746;t;0;563;357;f
747;t;0;562;357;f
750;t;0;564;355;f
751;t;0;565;355;f
752;t;0;566;356;f
753;t;0;567;356;f
754;t;0;561;359;f
755;t;0;568;360;f
756;t;0;569;360;f
757;t;0;570;360;f
758;t;0;571;361;f
759;t;0;572;361;f
776;t;0;585;363;f
777;t;0;584;363;f
778;t;0;583;363;f
779;t;0;590;363;f
780;t;0;588;363;f
781;t;0;582;363;f
782;t;0;591;363;f
783;t;0;587;363;f
784;t;0;586;363;f
785;t;0;589;363;f
786;t;0;576;362;f
787;t;0;578;362;f
788;t;0;580;362;f
790;t;0;573;362;f
803;t;0;592;364;f
805;f;0;577;362;f
806;t;0;471;364;f
808;t;0;39;362;t
809;t;0;594;365;f
810;t;0;595;366;f
811;t;0;17;367;f
812;t;0;427;367;f
813;t;0;598;368;f
814;t;0;596;368;f
815;t;0;597;368;f
816;t;0;17;369;f
817;t;0;334;369;f
818;t;0;599;369;f
819;t;0;17;370;f
820;t;0;334;370;f
821;t;0;599;370;f
824;t;0;603;372;f
825;t;0;602;372;f
826;t;0;604;372;f
827;t;0;605;373;f
828;t;0;606;373;f
829;t;0;607;374;f
830;t;0;608;374;f
831;t;0;609;374;f
832;t;0;610;375;f
833;t;0;611;375;f
834;t;0;312;375;f
835;t;0;613;376;f
836;t;0;612;376;f
837;t;0;614;377;f
838;t;0;616;377;f
839;t;0;615;377;f
840;t;0;619;378;f
841;t;0;618;379;f
842;t;0;620;379;f
843;t;0;617;379;f
844;t;0;621;378;f
845;t;0;622;380;f
846;t;0;623;380;f
847;t;0;626;381;f
848;t;0;633;381;f
849;t;0;624;381;f
850;t;0;625;381;f
851;t;0;630;381;f
852;t;0;631;381;f
853;t;0;627;381;f
854;t;0;629;381;f
855;t;0;628;381;f
856;t;0;635;381;f
857;t;0;634;381;f
858;t;0;632;381;f
869;t;0;644;382;f
870;t;0;645;382;f
871;t;0;646;382;f
872;t;0;532;383;f
873;t;0;647;384;f
874;t;0;648;384;f
875;t;0;649;384;f
876;t;0;650;385;f
877;t;0;651;385;f
878;t;0;652;385;f
879;t;0;653;385;f
880;t;0;655;386;f
881;t;0;654;386;f
882;t;0;657;387;f
883;t;0;656;387;f
884;t;0;659;388;f
885;t;0;660;388;f
886;t;0;658;388;f
887;t;0;626;389;f
888;t;0;633;389;f
889;t;0;624;389;f
890;t;0;625;389;f
891;t;0;630;389;f
892;t;0;631;389;f
893;t;0;627;389;f
894;t;0;629;389;f
895;t;0;628;389;f
896;t;0;634;389;f
897;t;0;632;389;f
898;t;0;661;390;f
899;t;0;662;391;f
900;t;0;663;391;f
901;t;0;664;392;f
902;t;0;665;393;f
903;t;0;666;393;f
904;t;0;667;394;f
905;t;0;668;394;f
906;t;0;669;394;f
907;t;0;670;394;f
908;t;0;671;395;f
909;t;0;672;395;f
910;t;0;662;396;f
911;t;0;663;396;f
912;t;0;676;397;f
913;t;0;673;397;f
914;t;0;675;397;f
915;t;0;674;397;f
918;t;0;661;398;f
919;t;0;680;399;f
920;t;0;681;399;f
921;t;0;690;399;f
922;t;0;688;399;f
923;t;0;687;399;f
924;t;0;685;399;f
925;t;0;683;399;f
926;t;0;679;399;f
927;t;0;682;399;f
928;t;0;684;399;f
929;t;0;691;399;f
930;t;0;689;399;f
931;t;0;686;399;f
932;t;0;692;400;f
933;t;0;344;401;f
934;t;0;693;401;f
935;t;0;694;402;f
936;t;0;695;403;f
937;t;0;696;403;f
938;t;0;697;404;f
939;t;0;698;404;f
940;t;0;17;405;f
941;t;0;699;405;f
943;t;0;17;406;f
944;t;0;258;406;f
945;t;0;17;407;f
946;t;0;244;407;f
947;t;0;245;407;f
948;t;0;17;408;f
949;t;0;243;408;f
950;t;0;17;409;f
951;t;0;700;409;f
952;t;0;17;410;f
953;t;0;247;410;f
954;t;0;701;410;f
955;t;0;704;411;f
956;t;0;702;411;f
957;t;0;703;411;f
958;t;0;705;411;f
959;t;0;449;412;f
960;t;0;450;412;f
961;t;0;451;412;f
962;t;0;706;413;f
963;t;0;707;413;f
964;t;0;708;414;f
965;t;0;709;415;f
966;t;0;710;415;f
967;t;0;17;416;f
968;t;0;246;416;f
969;t;0;17;417;f
970;t;0;711;417;f
971;t;0;712;418;f
972;t;0;713;418;f
973;t;0;714;418;f
974;t;0;715;418;f
975;t;0;716;419;f
976;t;0;718;419;f
977;t;0;719;419;f
978;t;0;717;419;f
979;t;0;721;420;f
980;t;0;720;420;f
981;t;0;722;421;f
982;t;0;723;421;f
983;t;0;724;422;f
984;t;0;726;422;f
985;t;0;731;423;f
986;t;0;727;423;f
987;t;0;729;423;f
988;t;0;730;423;f
989;t;0;734;424;f
990;t;0;736;424;f
991;t;0;724;424;f
992;t;0;726;424;f
993;t;0;728;423;f
994;t;0;725;423;f
995;t;0;737;423;f
996;t;0;735;423;f
997;t;0;732;423;f
998;t;0;733;423;f
999;t;0;740;425;f
1000;t;0;742;425;f
1001;t;0;744;425;f
1002;t;0;745;425;f
1003;t;0;738;426;f
1004;t;0;739;426;f
1005;t;0;741;426;f
1006;t;0;743;426;f
1007;t;0;746;427;f
1008;t;0;749;428;f
1009;t;0;752;428;f
1010;t;0;753;428;f
1011;t;0;755;428;f
1012;t;0;750;428;f
1013;t;0;747;428;f
1014;t;0;754;428;f
1015;t;0;751;428;f
1016;t;0;748;428;f
1017;t;0;762;429;f
1018;t;0;761;429;f
1019;t;0;758;429;f
1020;t;0;760;429;f
1021;t;0;757;429;f
1022;t;0;756;429;f
1023;t;0;764;429;f
1024;t;0;759;429;f
1025;t;0;763;429;f
1026;t;0;765;430;f
1027;t;0;766;430;f
1028;t;0;17;432;f
1029;t;0;769;432;f
1030;t;0;768;432;f
1031;t;0;767;433;f
1032;t;0;770;433;f
1033;t;0;772;433;f
1034;t;0;771;433;f
1035;t;0;773;434;f
1036;t;0;774;434;f
1037;t;0;775;435;f
1038;t;0;776;436;f
1039;t;0;777;437;f
1040;t;0;607;437;f
1041;t;0;779;438;f
1042;t;0;778;438;f
1043;t;0;780;439;f
1044;t;0;781;440;f
1045;t;0;782;441;f
1046;t;0;784;441;f
1047;t;0;783;441;f
1048;t;0;17;442;f
1049;t;0;785;442;f
1050;t;0;786;443;f
1051;t;0;787;443;f
1052;t;0;788;444;f
1053;t;0;790;445;f
1054;t;0;791;445;f
1055;t;0;794;448;f
1056;t;0;796;448;f
1057;t;0;799;448;f
1058;t;0;798;448;f
1059;t;0;793;448;f
1060;t;0;792;448;f
1061;t;0;800;448;f
1062;t;0;801;448;f
1063;t;0;797;448;f
1064;t;0;795;448;f
1065;t;0;802;449;f
1066;t;0;803;449;f
1067;t;0;804;449;f
1068;t;0;808;450;f
1069;t;0;811;450;f
1070;t;0;807;450;f
1071;t;0;805;450;f
1072;t;0;812;450;f
1073;t;0;813;451;f
1074;t;0;806;450;f
1075;t;0;809;450;f
1076;t;0;810;450;f
1077;t;0;814;452;f
1078;t;0;815;452;f
1079;t;0;816;453;f
1080;t;0;817;453;f
1081;t;0;817;454;f
1082;t;0;816;454;f
1083;t;0;818;457;f
1084;t;0;819;457;f
1085;t;0;820;457;f
1086;t;0;821;457;f
1087;t;0;822;458;f
1088;t;0;823;458;f
1089;t;0;826;459;f
1090;t;0;825;459;f
1091;t;0;824;459;f
1092;t;0;827;460;f
1093;t;0;828;460;f
1094;t;0;829;460;f
1095;t;0;17;461;f
1096;t;0;830;461;f
1097;t;0;831;462;f
1098;t;0;832;462;f
1099;t;0;833;463;f
1100;t;0;834;463;f
1101;t;0;835;463;f
1102;t;0;838;464;f
1103;t;0;839;465;f
1104;t;0;840;465;f
1105;t;0;841;466;f
1108;t;0;844;467;f
1109;t;0;846;471;f
1110;t;0;845;471;f
1111;t;0;847;471;f
1112;t;0;851;472;f
1113;t;0;852;472;f
1114;t;0;849;472;f
1115;f;0;850;472;f
1118;t;0;848;472;t
1119;t;0;853;473;f
1120;t;0;854;473;f
1121;t;0;855;474;f
1122;t;0;857;474;f
1123;t;0;856;474;f
1124;t;0;858;474;f
1125;t;0;859;475;f
1126;t;0;860;475;f
1127;t;0;861;476;f
1128;t;0;862;476;f
1129;t;0;864;477;f
1130;t;0;863;477;f
1131;t;0;17;478;f
1133;t;0;866;478;f
1134;t;0;868;479;f
1135;t;0;867;479;f
1136;t;0;871;480;f
1137;t;0;872;480;f
1138;t;0;870;480;f
1139;t;0;869;480;f
1140;t;0;873;481;f
1141;t;0;874;481;f
1142;t;0;875;482;f
1143;t;0;877;482;f
1144;t;0;878;483;f
1145;t;0;876;483;f
1146;t;0;879;484;f
1147;t;0;880;484;f
1148;t;0;882;485;f
1149;t;0;881;485;f
1150;t;0;882;486;f
1151;t;0;881;486;f
1152;t;0;886;487;f
1153;t;0;885;487;f
1154;t;0;883;487;f
1155;t;0;884;487;f
1158;t;0;842;489;f
1159;t;0;843;489;f
1160;t;0;894;488;f
1161;t;0;895;488;f
1162;t;0;896;488;f
1163;t;0;889;488;f
1164;t;0;890;488;f
1165;t;0;891;488;f
1166;t;0;892;488;f
1167;t;0;893;488;f
1168;t;0;902;490;f
1169;t;0;900;490;f
1170;t;0;901;490;f
1171;t;0;904;490;f
1172;t;0;897;490;f
1177;t;0;906;490;f
1178;t;0;899;490;f
1179;t;0;898;490;f
1180;t;0;903;490;f
1181;t;0;905;490;f
1182;t;0;908;491;f
1183;t;0;911;491;f
1186;f;0;907;491;f
1188;t;0;910;491;t
1189;t;0;909;491;t
1190;t;0;913;492;f
1191;t;0;912;492;f
1192;t;0;379;493;f
1193;t;0;377;493;f
1194;t;0;378;493;f
1195;t;0;17;470;f
1196;t;0;865;470;f
1197;t;0;914;470;f
1198;t;0;436;494;f
1199;t;0;915;494;f
1200;t;0;916;495;f
1201;t;0;917;495;f
1203;t;0;436;496;f
1204;t;0;918;496;f
1205;t;0;868;497;f
1206;t;0;17;498;f
1207;t;0;919;498;f
1208;t;0;920;499;f
1209;t;0;921;499;f
1210;t;0;922;499;f
1211;t;0;923;500;f
1212;t;0;924;500;f
1214;t;0;926;501;f
1215;t;0;925;501;f
1216;t;0;928;502;f
1217;t;0;927;502;f
1218;t;0;929;502;f
1219;t;0;931;504;f
1220;t;0;930;503;f
1221;t;0;932;503;f
1222;t;0;933;504;f
1223;t;0;934;504;f
1224;t;0;941;505;f
1225;t;0;945;505;f
1226;t;0;943;505;f
1227;t;0;936;505;f
1228;t;0;938;505;f
1229;t;0;940;505;f
1230;t;0;944;505;f
1231;t;0;939;505;f
1232;t;0;935;505;f
1233;t;0;942;505;f
1234;t;0;937;505;f
1237;t;0;948;507;f
1238;f;0;949;508;f
1240;t;0;950;508;t
1241;t;0;951;508;t
1242;t;0;952;509;f
1243;t;0;953;509;f
1244;t;0;952;510;f
1245;t;0;953;510;f
1246;t;0;952;511;f
1247;t;0;953;511;f
1248;t;0;954;511;f
1249;t;0;955;511;f
1250;t;0;956;512;f
1251;t;0;957;512;f
1252;t;0;960;513;f
1253;t;0;958;513;f
1254;t;0;959;513;f
1255;t;0;961;514;f
1256;t;0;962;515;f
1257;t;0;963;515;f
1258;t;0;964;515;f
1259;t;0;17;516;f
1260;t;0;965;516;f
1261;t;0;966;516;f
1262;t;0;17;517;f
1263;t;0;967;517;f
1264;t;0;968;517;f
1265;t;0;969;518;f
1266;t;0;970;518;f
1267;t;0;976;519;f
1268;t;0;978;519;f
1269;t;0;975;519;f
1270;t;0;971;519;f
1271;t;0;974;519;f
1272;t;0;973;519;f
1273;t;0;977;519;f
1274;t;0;972;519;f
1275;t;0;979;520;f
1276;t;0;980;520;f
1277;t;0;982;521;f
1278;t;0;981;521;f
1279;t;0;926;522;f
1280;t;0;925;522;f
1281;t;0;276;523;f
1282;t;0;983;523;f
1283;t;0;985;524;f
1284;t;0;984;524;f
1285;t;0;17;525;f
1286;t;0;986;525;f
1287;t;0;17;526;f
1288;t;0;987;526;f
1289;t;0;592;527;f
1290;t;0;988;527;f
1291;t;0;592;528;f
1292;t;0;988;528;f
1293;t;0;990;530;f
1294;t;0;989;530;f
1295;t;0;991;530;f
1296;t;0;990;531;f
1297;t;0;991;531;f
1298;t;0;989;531;f
1299;t;0;992;531;f
1300;t;0;993;532;f
1301;t;0;994;532;f
1302;t;0;17;533;f
1303;t;0;995;533;f
1304;t;0;17;534;f
1305;t;0;242;534;f
1306;t;0;996;535;f
1307;t;0;997;536;f
1308;t;0;998;536;f
1309;t;0;1000;537;f
1310;t;0;999;537;f
1311;t;0;17;538;f
1312;t;0;1002;538;f
1313;t;0;17;539;f
1314;t;0;1002;539;f
1315;t;0;17;540;f
1316;t;0;1002;540;f
1317;t;0;1004;541;f
1318;t;0;1003;541;f
1319;t;0;1005;542;f
1320;t;0;1006;542;f
1321;t;0;1007;543;f
1322;t;0;1008;543;f
1323;f;0;1009;543;f
1326;t;0;1010;543;t
1327;t;0;1011;543;t
1328;t;0;58;546;f
1329;t;0;1012;547;f
1330;t;0;1013;547;f
1331;t;0;17;548;f
1332;t;0;1014;548;f
1333;t;0;399;549;f
1334;t;0;400;549;f
1335;t;0;1015;550;f
1336;t;0;167;550;f
1337;t;0;1017;551;f
1338;t;0;1016;551;f
1339;t;0;592;552;f
1340;t;0;1018;552;f
1343;t;0;1019;553;f
1344;t;0;1022;553;f
1345;t;0;1025;553;f
1346;t;0;1021;553;f
1347;t;0;1026;553;f
1348;t;0;1023;553;f
1349;t;0;1020;553;f
1350;t;0;1024;553;f
1351;t;0;1027;554;f
1352;t;0;1029;555;f
1353;t;0;1028;555;f
1354;t;0;1031;556;f
1355;t;0;1030;556;f
1356;t;0;1032;557;f
1357;t;0;1033;557;f
1358;t;0;1034;558;f
1359;t;0;1035;558;f
1360;t;0;1036;558;f
1361;t;0;1038;559;f
1362;t;0;1037;559;f
1366;f;0;1039;560;f
1367;t;0;378;560;f
1368;t;0;1042;560;f
1369;t;0;1040;560;t
1370;t;0;1041;560;t
1371;t;0;174;562;f
1372;t;0;175;562;f
1373;t;0;1045;561;f
1374;t;0;1043;561;f
1375;t;0;1044;561;f
1376;t;0;1048;561;f
1377;t;0;1047;561;f
1378;t;0;1050;561;f
1379;t;0;1046;561;f
1380;t;0;1049;561;f
1381;t;0;1051;564;f
1382;t;0;1053;564;f
1383;t;0;1052;564;f
1384;t;0;1054;564;f
1385;t;0;1056;565;f
1386;t;0;1059;565;f
1387;t;0;1055;565;f
1388;t;0;1061;565;f
1389;t;0;1060;565;f
1390;t;0;1062;565;f
1391;t;0;1057;565;f
1392;t;0;1058;565;f
1393;t;0;952;566;f
1394;t;0;953;566;f
1395;t;0;1064;567;f
1396;t;0;1063;567;f
1397;t;0;1065;568;f
1398;t;0;1066;568;f
1399;t;0;1067;568;f
1400;t;0;1075;570;f
1401;t;0;1073;570;f
1403;t;0;1070;570;f
1404;t;0;1071;570;f
1405;t;0;1076;570;f
1406;t;0;1068;570;f
1407;t;0;1072;570;f
1408;t;0;1074;570;f
1409;t;0;1069;570;f
1410;t;0;1078;571;f
1411;t;0;1077;571;f
1412;t;0;166;572;f
1413;t;0;167;572;f
1414;t;0;166;573;f
1415;t;0;167;573;f
1416;t;0;58;574;f
1417;t;0;168;574;f
1418;t;0;714;575;f
1419;t;0;715;575;f
1420;t;0;1079;576;f
1421;t;0;1080;576;f
1422;t;0;1081;577;f
1423;t;0;1082;577;f
1424;t;0;1083;577;f
1425;t;0;1084;578;f
1426;t;0;1085;578;f
1427;t;0;1086;579;f
1428;t;0;1087;579;f
1429;t;0;1084;580;f
1430;t;0;1085;580;f
1431;t;0;17;581;f
1432;t;0;1088;581;f
1433;t;0;1090;583;f
1434;t;0;1089;583;f
1435;t;0;1091;582;f
1436;t;0;1092;584;f
1437;t;0;1093;584;f
1438;t;0;1095;585;f
1439;t;0;1094;585;f
1440;t;0;1097;586;f
1441;t;0;1096;586;f
1442;t;0;1098;587;f
1443;t;0;1097;587;f
1444;t;0;1096;587;f
1446;t;0;1099;588;f
1447;t;0;1100;589;f
1448;t;0;1102;589;f
1449;t;0;1101;589;f
1450;t;0;17;590;f
1452;t;0;1002;590;f
1453;t;0;1103;591;f
1454;t;0;1104;594;f
1455;t;0;1105;594;f
1456;t;0;1106;596;f
1457;t;0;1108;597;f
1458;t;0;1107;597;f
1459;t;0;1110;598;f
1460;t;0;1109;598;f
1461;t;0;1111;599;f
1462;t;0;1114;600;f
1463;t;0;1113;600;f
1464;t;0;1112;600;f
1465;t;0;1116;601;f
1466;t;0;779;603;f
1467;t;0;1117;603;f
1468;t;0;1119;602;f
1469;t;0;1118;602;f
1470;t;0;1120;604;f
1471;t;0;1121;604;f
1472;t;0;196;605;f
1473;t;0;195;605;f
1475;t;0;1122;605;f
1476;t;0;1123;605;f
1477;t;0;1124;606;f
1478;t;0;1125;607;f
1479;t;0;572;607;f
1480;t;0;1126;608;f
1481;t;0;1127;608;f
1482;t;0;1128;609;f
1483;t;0;1129;609;f
1484;t;0;1130;610;f
1485;t;0;1131;610;f
1486;t;0;1132;611;f
1487;t;0;1133;611;f
1488;t;0;1134;612;f
1489;t;0;1136;612;f
1491;t;0;1135;614;f
1492;t;0;1135;612;f
1493;t;0;1134;614;f
1494;t;0;1136;614;f
1495;t;0;17;615;f
1496;t;0;1137;615;f
1497;t;0;17;616;f
1498;t;0;1138;616;f
1501;t;0;1139;619;f
1502;t;0;1140;619;f
1503;t;0;1141;620;f
1504;t;0;1142;620;f
1505;t;0;1143;621;f
1506;t;0;1144;621;f
1507;t;0;1146;621;f
1508;t;0;1145;621;f
1509;t;0;1147;622;f
1510;t;0;1149;622;f
1511;t;0;1148;622;f
1512;t;0;1147;623;f
1513;t;0;1149;623;f
1514;t;0;1148;623;f
1515;t;0;17;624;f
1516;t;0;1150;624;f
1517;t;0;1151;625;f
1518;t;0;1152;625;f
1519;t;0;1153;626;f
1520;t;0;984;626;f
1533;t;0;1166;628;f
1534;t;0;1167;628;f
1535;t;0;1168;628;f
1536;t;0;276;629;f
1537;t;0;1169;629;f
1538;t;0;276;630;f
1539;t;0;1170;630;f
1540;t;0;276;631;f
1541;t;0;1171;631;f
1542;t;0;1174;632;f
1543;t;0;1175;632;f
1544;t;0;1172;632;f
1545;t;0;1173;632;f
1546;t;0;1116;633;f
1547;t;0;1178;633;f
1548;t;0;1176;633;f
1549;t;0;1181;633;f
1550;t;0;1182;633;f
1551;t;0;1180;633;f
1554;t;0;1183;633;f
1555;t;0;1179;633;f
1556;t;0;1177;633;f
1557;t;0;1184;634;f
1558;t;0;1185;634;f
1559;t;0;1186;635;f
1560;t;0;1187;635;f
1561;t;0;1188;635;f
1562;t;0;1190;636;f
1563;t;0;1189;636;f
1564;t;0;1191;637;f
1565;t;0;1192;638;f
1566;t;0;1193;638;f
1567;t;0;1192;639;f
1568;t;0;1193;639;f
1569;t;0;1194;640;f
1570;t;0;1195;640;f
1571;t;0;1197;641;f
1572;t;0;1198;641;f
1573;t;0;1196;641;f
1574;t;0;436;642;f
1575;t;0;1199;642;f
1576;t;0;1200;643;f
1577;t;0;1201;643;f
1578;t;0;1202;643;f
1579;t;0;1203;644;f
1580;t;0;1204;644;f
1581;t;0;1205;644;f
1582;t;0;1207;645;f
1583;t;0;1206;645;f
1584;t;0;1208;645;f
1585;t;0;1209;646;f
1586;t;0;1210;646;f
1587;t;0;1211;648;f
1588;t;0;1212;649;f
1589;t;0;1213;649;f
1590;t;0;1214;650;f
1591;t;0;1216;650;f
1592;t;0;1215;650;f
1593;t;0;1217;651;f
1594;t;0;1218;651;f
1595;t;0;1219;652;f
1596;t;0;1220;652;f
1597;t;0;1143;652;f
1598;t;0;1144;652;f
1599;t;0;1221;653;f
1600;t;0;1222;653;f
1601;t;0;1224;654;f
1602;t;0;1223;654;f
1603;t;0;1225;655;f
1604;t;0;1226;655;f
1605;t;0;1227;656;f
1606;t;0;1228;657;f
1607;t;0;1229;657;f
1608;t;0;1230;657;f
1609;t;0;1231;657;f
1610;t;0;1228;658;f
1611;t;0;1229;658;f
1612;t;0;1230;658;f
1613;t;0;1231;658;f
1614;t;0;1233;659;f
1615;t;0;1232;659;f
1616;t;0;1235;660;f
1617;t;0;1236;660;f
1618;t;0;1234;660;f
1619;t;0;1237;661;f
1620;t;0;436;662;f
1621;t;0;1238;662;f
1622;t;0;1239;663;f
1623;t;0;1240;663;f
1624;t;0;1242;663;f
1625;t;0;1241;663;f
1627;t;0;1243;665;f
1628;t;0;1247;665;f
1629;t;0;1246;665;f
1630;t;0;1249;665;f
1631;t;0;1250;665;f
1632;t;0;1248;665;f
1633;t;0;1245;665;f
1634;t;0;1244;665;f
1635;t;0;1251;666;f
1636;t;0;17;667;f
1637;t;0;1252;667;f
1638;t;0;17;668;f
1639;t;0;1254;668;f
1640;t;0;1253;668;f
1641;t;0;17;669;f
1642;t;0;1254;669;f
1643;t;0;1253;669;f
1648;t;0;1260;670;f
1649;t;0;1258;670;f
1650;t;0;1257;671;f
1651;t;0;1259;671;f
1652;t;0;1261;671;f
1653;t;0;1261;672;f
1654;t;0;1255;672;f
1655;t;0;1256;672;f
1656;t;0;1262;673;f
1657;t;0;1263;673;f
1658;t;0;60;673;f
1659;t;0;61;673;f
1660;t;0;1264;674;f
1661;t;0;1265;675;f
1662;t;0;1266;675;f
1663;t;0;1267;676;f
1664;t;0;1268;677;f
1665;t;0;1269;678;f
1666;t;0;676;679;f
1667;t;0;1270;679;f
1668;t;0;1276;680;f
1669;t;0;1275;680;f
1670;t;0;1271;680;f
1671;t;0;1277;680;f
1672;t;0;1274;680;f
1673;t;0;1278;680;f
1674;t;0;1272;680;f
1675;t;0;1273;680;f
1676;t;0;1286;681;f
1677;t;0;1285;681;f
1678;t;0;1279;681;f
1679;t;0;1282;681;f
1680;t;0;1284;681;f
1681;t;0;1280;681;f
1682;t;0;1283;681;f
1683;t;0;1281;681;f
1684;t;0;1287;681;f
1685;t;0;1289;683;f
1686;t;0;1291;683;f
1687;t;0;1290;682;f
1688;t;0;1288;682;f
1689;t;0;1292;682;f
1690;t;0;1296;684;f
1691;t;0;1302;684;f
1692;t;0;1298;684;f
1693;t;0;1293;684;f
1694;t;0;1297;684;f
1695;t;0;1295;684;f
1696;t;0;1294;684;f
1697;t;0;1301;684;f
1698;t;0;1299;684;f
1699;t;0;1300;684;f
1700;t;0;17;685;f
1701;t;0;1303;685;f
1702;t;0;17;686;f
1703;t;0;1254;686;f
1704;t;0;1253;686;f
1705;t;0;1304;687;f
1706;t;0;1305;688;f
1707;t;0;1306;689;f
1708;t;0;1307;689;f
1709;t;0;1307;690;f
1710;t;0;1306;690;f
1711;t;0;442;690;f
1712;t;0;436;691;f
1713;t;0;1308;691;f
1714;t;0;1309;692;f
1715;t;0;1310;692;f
1716;t;0;1311;692;f
1717;t;0;1310;693;f
1718;t;0;1311;693;f
1719;t;0;17;694;f
1720;t;0;1312;694;f
1721;t;0;1313;695;f
1722;t;0;1314;695;f
1723;t;0;1315;696;f
1724;t;0;1316;696;f
1725;t;0;1317;697;f
1726;t;0;1318;698;f
1727;t;0;1319;698;f
1728;t;0;1320;698;f
1729;t;0;1321;701;f
1730;t;0;1322;701;f
1731;t;0;1323;702;f
1732;t;0;1324;702;f
1733;t;0;58;703;f
1734;t;0;59;703;f
1735;t;0;1325;704;f
1736;t;0;1326;704;f
1737;t;0;1327;705;f
1738;t;0;1328;705;f
1739;t;0;1329;705;f
1740;t;0;1330;706;f
1741;t;0;1331;706;f
1742;t;0;1332;706;f
1743;t;0;1333;708;f
1744;t;0;1334;708;f
1745;t;0;1334;707;f
1746;t;0;1335;707;f
1747;t;0;1335;709;f
1748;t;0;1333;709;f
1749;t;0;1336;710;f
1750;t;0;1337;710;f
1752;t;0;1344;710;f
1753;t;0;1343;710;f
1754;t;0;1342;710;f
1755;t;0;1345;710;f
1756;t;0;1340;710;f
1757;t;0;1341;710;f
1758;t;0;1339;710;f
1759;t;0;1338;710;f
1760;t;0;1346;711;f
1761;t;0;436;712;f
1762;t;0;1347;712;f
1763;t;0;1351;713;f
1764;t;0;1350;713;f
1765;t;0;1349;713;f
1766;t;0;1348;713;f
1767;t;0;17;714;f
1768;t;0;1352;714;f
1769;t;0;1353;715;f
1770;t;0;1354;715;f
1771;t;0;1304;716;f
1772;t;0;1355;717;f
1773;t;0;1356;717;f
1774;t;0;1357;717;f
1775;t;0;1361;718;f
1776;t;0;1364;718;f
1777;t;0;1365;718;f
1778;t;0;1359;718;f
1779;t;0;1368;718;f
1780;t;0;1358;718;f
1781;t;0;1363;718;f
1782;t;0;1369;718;f
1783;t;0;1366;718;f
1784;t;0;1362;718;f
1785;t;0;1367;718;f
1786;t;0;1360;718;f
1787;t;0;1370;719;f
1788;t;0;436;720;f
1789;t;0;1371;720;f
1790;t;0;1377;721;f
1791;t;0;1374;721;f
1792;t;0;1372;721;f
1793;t;0;1375;721;f
1794;t;0;1373;721;f
1795;t;0;1376;721;f
1796;t;0;1380;721;f
1797;t;0;1379;721;f
1798;t;0;1378;721;f
1799;t;0;1381;722;f
1800;t;0;1382;723;f
1801;t;0;1384;723;f
1802;t;0;1383;723;f
1803;t;0;838;724;f
1804;t;0;17;725;f
1805;t;0;1385;725;f
1806;t;0;1394;726;f
1807;t;0;1392;726;f
1808;t;0;1390;726;f
1809;t;0;1388;726;f
1810;t;0;1386;726;f
1811;t;0;1387;726;f
1812;t;0;1389;726;f
1813;t;0;1391;726;f
1814;t;0;1393;726;f
1815;t;0;1395;726;f
1816;t;0;1404;727;f
1817;t;0;1396;727;f
1818;t;0;1397;727;f
1819;t;0;1400;727;f
1820;t;0;1403;727;f
1821;t;0;1401;727;f
1824;t;0;1398;727;f
1825;t;0;1402;727;f
1826;t;0;1399;727;f
1827;t;0;1405;728;f
1828;t;0;1406;728;f
1829;t;0;1407;728;f
1830;t;0;1408;728;f
1831;t;0;1409;729;f
1832;t;0;1410;729;f
1833;t;0;1412;730;f
1834;t;0;1411;730;f
1835;t;0;1413;732;f
1836;t;0;1414;732;f
1837;t;0;1416;733;f
1838;t;0;1415;733;f
1839;t;0;1251;734;f
1840;t;0;1417;735;f
1841;t;0;1418;735;f
1842;t;0;1419;735;f
1843;t;0;1422;736;f
1844;t;0;1423;736;f
1845;t;0;1421;736;f
1846;t;0;1420;736;f
1847;t;0;1422;737;f
1848;t;0;1423;737;f
1849;t;0;1424;737;f
1850;t;0;1425;738;f
1851;t;0;1426;738;f
1852;t;0;1427;739;f
1853;t;0;1428;739;f
1854;t;0;1429;739;f
1855;t;0;1430;740;f
1856;t;0;1431;740;f
1857;t;0;838;741;f
1858;t;0;1432;742;f
1859;t;0;1433;742;f
1860;t;0;1434;743;f
1861;t;0;1435;744;f
1862;t;0;1439;745;f
1863;t;0;1443;745;f
1864;t;0;1442;745;f
1865;t;0;1436;745;f
1866;t;0;1441;745;f
1867;t;0;1438;745;f
1868;t;0;1437;745;f
1869;t;0;1440;745;f
1870;t;0;1444;745;f
1871;t;0;1445;746;f
1872;t;0;1446;746;f
1873;t;0;1456;747;f
1874;t;0;1453;747;f
1875;t;0;1449;747;f
1876;t;0;1447;747;f
1877;t;0;1448;747;f
1878;t;0;1452;747;f
1879;t;0;1450;747;f
1880;t;0;1451;747;f
1881;t;0;1454;747;f
1882;t;0;1455;747;f
1883;t;0;1141;748;f
1884;t;0;1457;748;f
1885;t;0;1458;749;f
1886;t;0;1459;749;f
1887;t;0;1460;750;f
1888;t;0;1461;750;f
1889;t;0;1462;750;f
1890;t;0;1463;751;f
1891;t;0;1464;751;f
1892;t;0;1465;751;f
1893;t;0;1463;752;f
1894;t;0;1464;752;f
1895;t;0;1465;752;f
1896;t;0;1466;753;f
1897;t;0;1467;753;f
1898;t;0;1469;754;f
1899;t;0;1468;754;f
1902;t;0;1443;755;f
1903;t;0;1442;755;f
1904;t;0;1436;755;f
1905;t;0;1441;755;f
1906;t;0;1438;755;f
1907;t;0;1437;755;f
1908;t;0;1440;755;f
1909;t;0;1444;755;f
1910;t;0;166;756;f
1911;t;0;167;756;f
1912;t;0;1470;757;f
1913;t;0;1471;757;f
1914;t;0;1472;758;f
1915;t;0;1473;758;f
1916;t;0;378;758;f
1917;t;0;1042;758;f
1918;t;0;1474;759;f
1919;t;0;1475;760;f
1920;t;0;1477;760;f
1921;t;0;1476;760;f
1923;t;0;1484;761;f
1924;t;0;1487;761;f
1925;t;0;1480;761;f
1926;t;0;1486;761;f
1927;t;0;1483;761;f
1928;t;0;1478;761;f
1929;t;0;1479;761;f
1930;t;0;1482;761;f
1931;t;0;1485;761;f
1932;t;0;1481;761;f
1933;t;0;196;762;f
1935;t;0;195;762;f
1936;t;0;1489;762;f
1937;t;0;1490;763;f
1938;t;0;1488;763;f
1939;t;0;1491;764;f
1940;t;0;1492;764;f
1941;t;0;1493;765;f
1942;t;0;1494;765;f
1943;t;0;1495;765;f
1944;t;0;17;766;f
1945;t;0;1496;766;f
1946;t;0;17;767;f
1947;t;0;1497;767;f
1948;t;0;1498;768;f
1949;t;0;1499;769;f
1950;t;0;1500;770;f
1951;t;0;1501;770;f
1952;t;0;860;771;f
1953;t;0;859;771;f
1954;t;0;692;771;f
1955;t;0;600;772;f
1956;t;0;1502;773;f
1957;t;0;1503;772;f
1958;t;0;1504;774;f
1959;t;0;17;775;f
1960;t;0;1505;775;f
1961;t;0;1506;775;f
1962;t;0;17;776;f
1963;t;0;1507;776;f
1964;t;0;1508;777;f
1965;t;0;1509;777;f
1966;t;0;1510;778;f
1967;t;0;1511;778;f
1968;t;0;1508;778;f
1969;t;0;1509;778;f
1970;t;0;1512;777;f
1971;t;0;1513;777;f
1972;t;0;1514;779;f
1973;t;0;1515;779;f
1975;t;0;1516;780;f
1976;t;0;1517;782;f
1977;t;0;1518;782;f
1978;t;0;1519;782;f
1979;t;0;1520;783;f
1980;t;0;1521;783;f
1981;t;0;1522;783;f
1982;t;0;1522;784;f
1983;t;0;1521;784;f
1984;t;0;1523;785;f
1985;t;0;1524;785;f
1986;t;0;1525;785;f
1987;t;0;1526;786;f
1988;t;0;1527;786;f
1989;t;0;1528;786;f
1990;t;0;1529;787;f
1991;t;0;1530;787;f
1992;t;0;1531;788;f
1993;t;0;1526;788;f
1994;t;0;1527;789;f
1995;t;0;1528;789;f
1996;t;0;1531;789;f
1997;t;0;1540;790;f
1998;t;0;1535;790;f
1999;t;0;1537;790;f
2000;t;0;1533;790;f
2001;t;0;1534;790;f
2002;t;0;1539;790;f
2003;t;0;1536;790;f
2004;t;0;1532;790;f
2005;t;0;1538;790;f
2006;t;0;1541;791;f
2007;t;0;1542;791;f
2008;t;0;1545;792;f
2009;t;0;1543;792;f
2010;t;0;1544;792;f
2011;t;0;1546;793;f
2012;t;0;1547;793;f
2013;t;0;17;794;f
2014;t;0;1548;794;f
2015;t;0;1549;795;f
2016;t;0;1550;795;f
2017;t;0;17;796;f
2018;t;0;1352;796;f
2019;t;0;1551;797;f
2020;t;0;1553;798;f
2021;t;0;1552;798;f
2022;t;0;1561;799;f
2023;t;0;1556;799;f
2024;t;0;1559;799;f
2025;t;0;1555;799;f
2026;t;0;1557;799;f
2027;t;0;1560;799;f
2028;t;0;1562;799;f
2029;t;0;1554;799;f
2030;t;0;1558;799;f
2031;t;0;1563;800;f
2032;t;0;58;801;f
2033;t;0;168;801;f
2034;t;0;923;802;f
2035;t;0;1564;802;f
2036;t;0;1565;802;f
2037;t;0;1566;803;f
2038;t;0;1567;803;f
2039;t;0;1569;804;f
2040;t;0;1568;804;f
2041;t;0;1572;804;f
2042;t;0;1570;804;f
2043;t;0;1571;804;f
2044;t;0;1573;805;f
2045;t;0;1574;805;f
2046;t;0;1575;806;f
2047;t;0;1576;807;f
2048;t;0;1577;807;f
2049;t;0;1578;807;f
2050;t;0;1579;808;f
2051;t;0;1580;808;f
2052;t;0;1581;809;f
2053;t;0;1582;809;f
2054;t;0;442;809;f
2055;t;0;1585;810;f
2056;t;0;1584;810;f
2057;t;0;1583;810;f
2058;t;0;1586;811;f
2059;t;0;1587;812;f
2060;t;0;1588;813;f
2061;t;0;1589;814;f
2062;t;0;1590;814;f
2063;t;0;1591;814;f
2064;t;0;1592;815;f
2065;t;0;1593;816;f
2066;t;0;1594;816;f
2067;t;0;1595;817;f
2068;t;0;1596;817;f
2069;t;0;1598;818;f
2070;t;0;1599;818;f
2071;t;0;1597;818;f
2072;t;0;1600;819;f
2073;t;0;1601;820;f
2074;t;0;1602;820;f
2075;t;0;1601;821;f
2076;t;0;1602;821;f
2077;t;0;1603;822;f
2078;t;0;1604;822;f
2079;t;0;1605;822;f
2080;t;0;1603;824;f
2081;t;0;1604;824;f
2082;t;0;1605;824;f
2093;t;0;1617;825;f
2094;t;0;1610;825;f
2095;t;0;1613;825;f
2096;t;0;1611;825;f
2097;t;0;1616;825;f
2098;t;0;1615;825;f
2099;t;0;1614;825;f
2100;t;0;1612;825;f
2101;t;0;1608;825;f
2102;t;0;1609;825;f
2103;t;0;1606;825;f
2104;t;0;1607;825;f
2105;t;0;1620;826;f
2106;t;0;1618;826;f
2107;t;0;1619;826;f
2108;t;0;1621;827;f
2109;t;0;1623;828;f
2110;t;0;1624;828;f
2111;t;0;1622;828;f
2112;t;0;1625;828;f
2113;t;0;1626;829;f
2114;t;0;1627;829;f
2115;t;0;1629;830;f
2116;t;0;1628;830;f
2117;t;0;1626;831;f
2118;t;0;1627;831;f
2119;t;0;1630;832;f
2120;t;0;17;833;f
2121;t;0;1631;833;f
2122;t;0;17;834;f
2123;t;0;1632;834;f
2124;t;0;1634;835;f
2125;t;0;1636;835;f
2126;t;0;1635;835;f
2127;t;0;1633;835;f
2128;t;0;1637;836;f
2129;t;0;1635;836;f
2130;t;0;1633;836;f
2131;t;0;1634;836;f
2132;f;0;1638;836;f
2133;t;0;1639;836;t
2134;t;0;1640;837;f
2135;t;0;1642;837;f
2136;t;0;1641;837;f
2137;t;0;1642;838;f
2138;t;0;1640;838;f
2139;t;0;1641;838;f
2140;t;0;1641;839;f
2141;t;0;1640;839;f
2142;t;0;1642;839;f
2143;t;0;1643;840;f
2144;t;0;1644;840;f
2145;t;0;1645;840;f
2146;t;0;1646;841;f
2147;t;0;1647;842;f
2148;t;0;1648;842;f
2149;t;0;1650;843;f
2150;t;0;1649;843;f
2151;t;0;1651;843;f
2152;t;0;1652;844;f
2153;t;0;1653;844;f
2154;t;0;1655;845;f
2155;t;0;1654;845;f
2156;t;0;1657;846;f
2157;t;0;1658;846;f
2158;t;0;1656;846;f
2159;t;0;1659;847;f
2160;t;0;1660;848;f
2161;t;0;1663;848;f
2162;t;0;1662;848;f
2163;t;0;1664;849;f
2164;t;0;1665;849;f
2165;t;0;1667;849;f
2166;t;0;1666;850;f
2167;t;0;1668;850;f
2168;t;0;1675;851;f
2169;t;0;1673;851;f
2170;t;0;1677;851;f
2171;t;0;1671;851;f
2172;t;0;1676;851;f
2173;t;0;1670;851;f
2174;t;0;1672;851;f
2175;t;0;1669;851;f
2176;t;0;1678;852;f
2177;t;0;1679;853;f
2178;t;0;1680;854;f
2179;t;0;1681;854;f
2180;t;0;378;854;f
2181;t;0;1042;854;f
2182;t;0;1680;855;f
2183;t;0;1681;855;f
2184;t;0;378;855;f
2185;t;0;1042;855;f
2186;t;0;1682;856;f
2187;t;0;1683;856;f
2188;t;0;1683;857;f
2189;t;0;1685;857;f
2190;t;0;1684;858;f
2191;t;0;1682;858;f
2192;t;0;1685;859;f
2193;t;0;1684;859;f
2194;t;0;1686;860;f
2195;t;0;1687;860;f
2196;t;0;1688;861;f
2197;t;0;1689;861;f
2198;t;0;718;861;f
2199;t;0;1690;862;f
2200;t;0;1659;862;f
2201;t;0;1691;863;f
2202;t;0;1692;863;f
2203;t;0;17;864;f
2204;t;0;1693;864;f
2205;t;0;1695;865;f
2206;t;0;1694;865;f
2207;t;0;1696;866;f
2208;t;0;1697;866;f
2209;t;0;1698;867;f
2210;t;0;1699;868;f
2211;t;0;1700;869;f
2212;t;0;1701;869;f
2213;t;0;1702;869;f
2214;t;0;1703;870;f
2215;t;0;600;871;f
2216;t;0;1704;871;f
2217;t;0;1705;872;f
2218;t;0;1707;873;f
2219;t;0;1706;873;f
2220;t;0;1708;874;f
2221;t;0;1709;874;f
2222;t;0;1710;875;f
2223;t;0;1711;875;f
2224;t;0;1712;876;f
2225;t;0;1713;876;f
2226;t;0;1714;877;f
2227;t;0;1715;877;f
2228;t;0;1717;878;f
2229;t;0;1716;878;f
2230;t;0;1718;878;f
2231;t;0;1721;879;f
2232;t;0;1719;879;f
2233;t;0;1722;879;f
2234;t;0;706;879;f
2235;t;0;1725;879;f
2236;t;0;1726;879;f
2237;t;0;1724;879;f
2238;t;0;1723;879;f
2239;t;0;1720;879;f
2240;t;0;1727;880;f
2241;t;0;1728;880;f
2242;t;0;1729;880;f
2243;t;0;1733;881;f
2244;t;0;1735;881;f
2245;t;0;1734;881;f
2246;t;0;1730;881;f
2247;t;0;1732;881;f
2248;t;0;1736;881;f
2249;t;0;1737;881;f
2250;t;0;1731;881;f
2251;t;0;1739;882;f
2252;t;0;1738;882;f
2253;t;0;1740;883;f
2254;t;0;1741;883;f
2255;t;0;1742;884;f
2256;t;0;1743;884;f
2257;t;0;1744;884;f
2258;t;0;1746;885;f
2259;t;0;1745;885;f
2260;t;0;1747;886;f
2261;t;0;1748;886;f
2262;t;0;1749;887;f
2263;t;0;1750;887;f
2264;t;0;1751;888;f
2265;t;0;1752;888;f
2266;t;0;1753;888;f
2267;t;0;1754;888;f
2268;t;0;1751;889;f
2269;t;0;1752;889;f
2270;t;0;1753;889;f
2271;t;0;1754;889;f
2272;t;0;1755;892;f
2273;t;0;1756;892;f
2274;t;0;1757;893;f
2275;t;0;1758;893;f
2276;t;0;1759;894;f
2277;t;0;1760;895;f
2278;t;0;1761;895;f
2279;t;0;1762;896;f
2280;t;0;1765;896;f
2281;t;0;1767;896;f
2282;t;0;1769;896;f
2283;t;0;1770;896;f
2284;t;0;1768;896;f
2285;t;0;1772;896;f
2286;t;0;1764;896;f
2287;t;0;1766;896;f
2288;t;0;1763;896;f
2289;t;0;1774;897;f
2290;t;0;1773;897;f
2291;t;0;1775;897;f
2292;t;0;1776;898;f
2293;t;0;1777;898;f
2294;t;0;1089;899;f
2295;t;0;1778;899;f
2296;t;0;1780;900;f
2297;t;0;1779;900;f
2298;t;0;1781;901;f
2299;t;0;1779;901;f
2300;f;0;1782;902;f
2301;t;0;1784;902;f
2302;t;0;1783;902;f
2304;t;0;1786;902;t
2305;t;0;1788;903;f
2306;t;0;1787;903;f
2307;t;0;17;904;f
2308;t;0;1789;904;f
2311;t;0;1791;905;f
2312;t;0;1792;905;f
2313;t;0;17;906;f
2314;t;0;1790;906;f
2315;t;0;1793;907;f
2316;f;0;949;907;f
2319;t;0;1795;907;t
2320;t;0;1794;907;t
2321;t;0;17;908;f
2322;t;0;1796;908;f
2323;t;0;1797;908;f
2324;t;0;1806;909;f
2325;t;0;1804;909;f
2326;t;0;1802;909;f
2327;t;0;1801;909;f
2328;t;0;1799;909;f
2329;t;0;1798;909;f
2330;t;0;1807;909;f
2331;t;0;1805;909;f
2332;t;0;1803;909;f
2333;t;0;1800;909;f
2334;t;0;1809;910;f
2335;t;0;1808;910;f
2336;t;0;17;911;f
2337;t;0;1810;911;f
2338;t;0;1811;912;f
2339;t;0;1812;912;f
2340;t;0;1813;913;f
2341;t;0;1814;913;f
2342;t;0;1815;914;f
2343;t;0;1816;914;f
2344;t;0;1818;914;f
2345;t;0;1817;914;f
2346;t;0;1813;915;f
2347;t;0;1814;915;f
2348;t;0;1820;916;f
2349;t;0;1819;916;f
2350;t;0;1788;917;f
2351;t;0;1787;917;f
2352;t;0;58;918;f
2353;t;0;168;918;f
2354;t;0;1823;919;f
2355;t;0;1821;919;f
2356;t;0;1823;920;f
2357;t;0;1822;920;f
2358;t;0;1824;921;f
2359;t;0;1825;921;f
2360;t;0;1826;922;f
2361;t;0;1827;922;f
2362;t;0;1834;922;f
2363;t;0;1828;922;f
2364;t;0;1833;922;f
2365;t;0;1832;922;f
2366;t;0;1830;922;f
2367;t;0;1831;922;f
2368;t;0;1829;922;f
2369;t;0;1835;922;f
2370;t;0;1836;922;f
2371;t;0;1844;923;f
2372;t;0;1841;923;f
2373;t;0;1839;923;f
2374;t;0;1843;923;f
2375;t;0;1846;923;f
2376;t;0;1837;923;f
2377;t;0;1845;923;f
2378;t;0;1840;923;f
2379;t;0;1838;923;f
2380;t;0;1842;923;f
2381;t;0;1847;924;f
2382;t;0;1849;924;f
2383;t;0;1848;924;f
2384;t;0;1850;925;f
2385;t;0;1851;925;f
2386;t;0;1853;926;f
2387;t;0;1852;926;f
2388;t;0;1855;926;f
2389;t;0;1854;926;f
2391;t;0;17;928;f
2392;t;0;1857;928;f
2393;t;0;17;929;f
2394;t;0;1857;929;f
2399;t;0;1871;930;f
2400;t;0;1868;930;f
2401;t;0;1861;930;f
2402;t;0;1864;930;f
2403;t;0;1858;930;f
2404;t;0;1865;930;f
2405;t;0;1859;930;f
2406;t;0;1862;930;f
2407;t;0;1866;930;f
2408;t;0;1863;930;f
2409;t;0;1869;930;f
2410;t;0;1870;930;f
2411;t;0;1867;930;f
2412;t;0;1860;930;f
2413;t;0;1874;931;f
2414;t;0;1873;932;f
2415;t;0;1872;932;f
2416;t;0;1874;932;f
2417;t;0;1875;933;f
2418;t;0;1876;933;f
2419;t;0;1877;933;f
2421;t;0;1879;934;f
2422;t;0;1878;934;f
2423;t;0;1696;934;f
2424;t;0;1697;934;f
2425;t;0;1881;935;f
2426;t;0;1880;935;f
2427;t;0;1882;936;f
2428;t;0;1883;936;f
2429;t;0;1856;937;f
2430;t;0;1884;937;f
2431;t;0;1885;938;f
2432;t;0;1886;940;f
2433;t;0;1887;940;f
2434;t;0;1888;941;f
2435;t;0;1889;941;f
2436;t;0;1890;942;f
2437;t;0;1891;943;f
2438;t;0;1892;943;f
2439;t;0;1893;943;f
2440;t;0;1894;944;f
2441;t;0;1895;944;f
2442;t;0;1897;945;f
2443;t;0;1896;945;f
2444;t;0;1898;946;f
2445;t;0;1899;946;f
2446;t;0;1690;946;f
2447;t;0;1823;947;f
2448;t;0;1900;947;f
2449;t;0;1901;947;f
2450;t;0;1902;947;f
2451;t;0;1823;948;f
2452;t;0;1903;948;f
2453;t;0;1904;948;f
2454;t;0;1905;948;f
2455;t;0;17;949;f
2456;t;0;1906;949;f
2457;t;0;1908;950;f
2458;t;0;1909;950;f
2459;t;0;1908;951;f
2460;t;0;1907;951;f
2461;t;0;1910;952;f
2462;t;0;1911;952;f
2463;t;0;1912;953;f
2464;t;0;1913;953;f
2468;t;0;1823;954;f
2469;t;0;1914;954;f
2470;t;0;1915;954;f
2471;t;0;1916;954;f
2472;t;0;1917;955;f
2473;t;0;1918;956;f
2474;t;0;1919;956;f
2475;t;0;1923;957;f
2477;t;0;1920;958;f
2478;t;0;1921;958;f
2479;t;0;1922;958;f
2480;t;0;1925;959;f
2481;t;0;17;960;f
2482;t;0;1924;960;f
2483;t;0;17;961;f
2484;t;0;1926;961;f
2485;t;0;17;962;f
2486;t;0;1927;962;f
2487;t;0;17;963;f
2488;t;0;1928;963;f
2489;t;0;1929;964;f
2490;t;0;1930;965;f
2491;t;0;1932;966;f
2492;t;0;1933;966;f
2493;t;0;1931;966;f
2494;t;0;1932;967;f
2495;t;0;1934;967;f
2496;t;0;1931;967;f
2497;t;0;1823;968;f
2498;t;0;1937;968;f
2499;t;0;1935;968;f
2500;t;0;1936;968;f
